ID,Minoritized,Attendance_1,Attendance_2,Attendance_3,Attendance_4,Attendance_5,Attendance_6,Attendance_7,Attendance_8,Attendance_9,Attendance_10,Attendance_11,Attendance_12,Attendance_13,Attendance_14,Attendance_15,Attendance_16,Study_Activity_1,Study_Activity_2,Study_Activity_3,Study_Activity_4,Study_Activity_5,Study_Activity_6,Study_Activity_7,Study_Activity_8,Study_Activity_9,Quiz_1,Quiz_2,Quiz_3,Quiz_4,Quiz_5,Quiz_6,Quiz_7,Quiz_8,Quiz_9,Quiz_10,Final_Exam,Midterm_1,Midterm_2
1,TRUE,1,1,1,1,0,1,1,1,1,1,1,1,1,1,1,1,1,1,1,1,1,1,0,1,1,0.775,0.6835,1,0.95,1,0.85,0.9,0.6335,0.8415,1,0.56,0.91,0.54
2,TRUE,1,1,1,0,1,1,1,1,1,1,1,1,1,1,1,1,0.8,1,1,1,1,1,0.96,1,1,0.95,0.7335,1,1,0.9665,0.783,1,0.5,0.829,0.9,0.715,0.82,0.71
3,FALSE,1,0,0,1,1,1,0,1,1,0,0,0,1,1,0,0,1,1,1,1,1,1,0.96,1,0.68,0.95,0.85,1,1,0.9665,0.9665,1,0.975,0.9165,0.95,0.715,0.82,0.75
4,FALSE,1,1,1,0,1,0,1,1,0,1,1,1,0,1,0,0,1,1,1,1,1,1,1,1,1,0.8,0.7835,1,0.85,0.9665,0.833,0.875,0.7875,0.8165,0.9,0.75,0.8,0.87
5,FALSE,1,0,1,1,0,0,1,1,1,1,0,1,1,1,1,1,1,1,1,1,1,1,1,1,0,0.95,0.75,1,0.875,0.9665,0.804,0.875,0.725,0.925,0.85,0.755,0.79,0.79
6,FALSE,1,1,1,1,0,1,0,1,1,1,1,1,0,0,1,1,1,1,1,1,0,1,1,0,0,0.825,0.95,1,1,0.9665,0,0.65,0.9625,0.85,0,0.755,0.79,0.65
7,TRUE,0,1,0,1,1,0,1,0,1,0,0,0,0,0,0,1,0.8,0.95,0.9,0,0,1,1,1,1,0.875,0.975,1,1,0.9665,0.9665,0.85,0.925,0.8615,0.7,0.755,0.79,0.75
8,FALSE,1,1,0,0,0,0,0,0,0,1,1,1,0,1,1,1,0.8,1,1,1,1,0.98,1,1,1,0.8375,0.95,1,1,0.9665,0.9665,1,0.9875,0.7075,0.9,0.76,0.79,0.76
9,TRUE,1,1,1,0,0,0,0,0,1,0,1,1,1,1,1,1,0.9,1,0.8,1,1,1,1,1,1,0.875,0.95,1,1,0.95,0.9665,0.95,0.9375,0.9665,0.8,0.765,0.78,0.64
10,FALSE,1,1,1,1,1,1,1,0,0,1,1,1,1,1,1,1,1,1,1,1,1,1,1,1,1,0.9,0.95,1,1,0.9335,0.9665,1,0.9,0.9165,0.95,0.785,0.76,0.82
11,FALSE,1,1,0,0,1,1,1,1,0,1,1,1,1,0,0,0,1,1,1,1,1,1,1,1,1,0.95,0.95,1,1,0.933,0.95,0.975,0.7625,1,0.85,0.785,0.75,0.92
12,FALSE,1,1,1,1,1,1,1,1,1,1,1,1,1,1,1,1,1,1,1,1,1,1,1,1,1,0.95,0.8,1,1,0.9,0.73,1,0.9875,0.9665,0.95,0.805,0.73,0.75
13,FALSE,1,1,1,1,0,0,1,0,1,0,1,0,1,1,1,1,1,1,0.6,0.6,1,1,1,1,1,0.9,0.9,1,1,0.9,0.9665,1,0.85,0.725,0.9,0.825,0.71,0.79
14,FALSE,1,1,0,1,0,0,0,1,0,1,1,1,1,1,1,1,1,1,0.9,1,1,1,1,1,1,0.975,0.95,1,0.83,0.883,0.9665,0.9,0.8915,0.825,0.85,0.835,0.69,0.8
15,FALSE,1,1,1,1,1,1,1,1,1,1,1,1,0,1,1,1,1,1,1,1,1,1,1,1,0,0.9,0.75,1,0.98,0.8665,0.925,1,0.8375,0.879,0.95,0.85,0.67,0.89
16,FALSE,1,1,1,1,1,0,1,1,0,1,0,1,0,1,0,1,1,1,1,1,1,1,1,1,1,0.95,0.9,1,1,0.8665,0.8545,1,0.8625,0.9665,0.9,0.85,0.67,0.89
17,FALSE,1,1,1,1,1,0,0,1,1,1,1,0,1,0,0,0,1,1,1,1,1,1,1,1,1,0.975,0.925,1,1,0.8665,0.975,1,0.9375,1,0.9,0.85,0.66,0.84
18,FALSE,0,1,1,1,1,0,0,1,1,1,1,0,1,1,0,1,1,1,1,1,1,1,1,1,1,1,0.81,1,0.95,0.85,0.8205,1,0.925,0.9415,0.8,0.85,0.66,0.87
19,TRUE,1,1,1,1,0,1,1,1,1,1,0,1,1,1,1,1,1,1,1,1,1,1,1,1,1,0.825,0.75,1,1,0.85,0.9335,1,0.925,0.9165,0.65,0.855,0.65,0.79
20,FALSE,0,0,1,0,0,0,1,0,1,1,1,1,1,1,0,1,1,0.9,1,1,1,1,1,1,1,1,0.95,1,1,0.85,1,0.9,0.95,1,0.95,0.86,0.64,0.74
21,FALSE,0,1,1,0,1,1,1,1,1,0,0,1,1,0,0,1,1,0,1,1,0,1,1,1,1,1,0.95,1,0,0.8335,0.9665,1,0,0.9,0.7,0.865,0.63,0.86
22,FALSE,1,1,1,1,1,1,1,0,1,0,1,1,1,1,0,1,1,1,1,1,1,1,1,1,1,1,0.95,1,0.95,0.833,0.7765,0.85,0.9,0.8665,1,0.865,0.63,0.94
23,FALSE,1,1,1,1,1,1,1,1,1,0,1,1,0,1,1,1,1,1,1,1,1,1,1,1,1,0.95,0.85,1,0.98,0.8165,1,0.925,0.9,0.9,0.9,0.875,0.62,0.85
24,FALSE,1,0,1,1,1,1,0,0,0,1,0,0,0,1,1,0,1,1,0.88,1,0,0.98,1,0.74,0,0.9875,0.8835,1,0.83,0.8,1,1,0.9625,0.975,0.8,0.885,0.58,0.86
25,FALSE,1,0,1,1,1,1,1,1,1,0,0,1,1,0,1,0,1,1,1,1,1,1,1,1,0,1,0.85,1,0.98,0.7665,0.883,1,0.9875,0.9165,0.9,0.9,0.56,0.87
26,FALSE,1,1,1,1,1,1,0,0,0,1,1,0,0,1,1,1,1,1,1,1,1,1,1,1,1,0.9,0.9,1,1,0.7,0,0.875,0.7625,0.9165,0.85,0.91,0.54,0.85
27,FALSE,1,1,1,0,1,1,1,1,1,1,0,1,1,1,1,1,1,1,1,1,1,1,1,1,1,1,0.85,1,1,0,0.9665,0.85,0.8625,1,0.85,0.945,0.49,0.98
28,FALSE,1,1,1,1,1,1,1,1,1,0,1,1,1,1,1,1,1,1,1,1,1,1,1,1,1,0.9,0.85,0.9875,1,0.9665,0.9665,1,0.9,0.7335,0.95,0.735,0.81,0.63
29,TRUE,1,1,1,1,1,1,1,1,1,1,1,1,1,0,1,1,1,1,1,1,1,1,1,0,0,1,0.95,0.9875,0.96,0.9,0.921,0.95,0.925,0.8915,0.7,0.81,0.72,0.79
30,FALSE,1,1,1,1,1,1,1,1,1,1,1,1,1,0,0,0,0.95,0.95,0.8,0.95,0.95,1,1,1,0,0.95,1,0.9875,1,0.85,0.9415,0.825,0.925,0.925,0.8,0.86,0.65,0.92
31,FALSE,0,1,0,0,1,0,1,1,0,1,1,1,0,0,1,1,1,1,1,1,1,1,0,0,1,0.95,0.8,0.975,0.98,1,0.8915,0.775,0.554,0.8415,0.7,0.555,0.92,0.66
32,TRUE,1,1,1,0,1,1,1,1,1,1,1,1,1,1,1,0,1,0.54,0.9,0.88,1,1,0.45,0.5,0.98,0.75,0,0.975,1,1,0.9165,0.85,0.7165,0.9,0.85,0.63,0.87,0.54
33,TRUE,1,1,1,1,0,1,1,1,1,0,1,1,1,1,0,1,0.9,1,1,1,1,1,0.65,1,1,0.85,0.55,0.975,0.96,1,0.954,0.9,0.4875,0.8415,0.9,0.65,0.86,0.8
34,TRUE,1,1,1,0,1,1,1,1,1,1,0,1,0,1,1,1,1,1,1,1,1,1,1,0,1,0.875,0.7165,0.975,0.83,0.95,0,0.85,0.9,0.8915,0.95,0.77,0.77,0.72
35,FALSE,1,1,1,1,1,1,0,1,0,1,0,0,1,1,1,0,1,0.9,1,1,1,1,1,1,1,0.9225,0.9,0.975,0.975,0.875,0.9165,0.95,0.975,0.9165,0.95,0.835,0.68,0.86
36,FALSE,1,1,1,1,1,1,1,0,1,1,1,0,1,1,0,1,1,1,1,1,1,1,1,1,1,1,0.85,0.975,1,0.8165,0,1,0.825,0.9125,0.9,0.88,0.61,0.85
37,FALSE,1,1,1,1,1,1,1,0,1,1,0,1,1,1,1,0,0.8,1,1,0.8,1,1,1,1,1,0.9,0.7,0.975,1,0.8165,0,0.975,0.875,0.95,0.9,0.88,0.6,0.88
38,TRUE,1,1,1,1,1,1,1,1,1,1,1,1,1,1,0,1,1,1,1,0.5,1,1,1,1,0,1,1,0.975,0.95,0.7665,0.9665,0.9,0.975,0.733,0.75,0.89,0.58,0.78
39,TRUE,0,1,0,0,1,1,1,1,1,1,0,0,1,1,1,1,1,1,1,1,1,1,1,1,1,0.9,0.85,0.975,0.95,0.733,0,0.85,0.8625,0.9415,0.85,0.9,0.56,0.95
40,FALSE,0,0,0,0,0,0,1,1,1,1,1,1,1,0,0,1,0.95,0,1,1,1,0,1,1,1,0.875,0.875,0.97,0.98,0.95,0.9665,1,0.9,0.829,0.9,0.765,0.78,0.74
41,FALSE,1,1,0,1,0,1,1,0,1,1,1,1,1,1,1,0,1,1,1,1,1,1,0.9,1,1,0.75,0.9125,0.9625,0.95,0.9665,0.9615,0.95,0.825,0.8915,0.65,0.69,0.83,0.6
42,FALSE,1,1,1,1,1,0,1,0,1,1,1,0,1,0,1,1,1,1,1,1,1,1,1,1,1,1,1,0.9625,0.98,0,0.9375,1,0.9875,1,0.9,0.95,0.48,0.95
43,TRUE,1,1,0,1,1,0,1,1,1,1,1,1,1,0,1,1,1,1,1,1,1,1,0,1,1,1,0.8,0.95,1,1,0.9665,0.95,0.625,0.725,0.8,0.595,0.88,0.625
44,TRUE,1,1,1,1,0,1,1,1,1,0,0,1,1,1,0,1,0.6,1,1,1,1,1,0.72,1,1,0.75,0.6,0.95,0.93,1,0.904,0.9,0.7415,0.8915,0.9,0.655,0.86,0.63
45,TRUE,1,1,1,1,0,0,0,0,1,1,1,1,0,0,0,1,1,1,0.9,1,1,0.95,0.9,0.95,0.95,0.95,0.7835,0.95,0.95,0.975,0.9,0.975,0.529,0.7915,0.85,0.685,0.84,0.67
46,TRUE,0,1,1,1,0,1,1,1,0,1,1,1,1,1,1,0,1,1,1,1,1,1,0.9,1,1,0.95,0.85,0.95,0.98,0.9665,0.9665,0.95,0.7375,0.858,0.9,0.685,0.84,0.78
47,TRUE,1,1,1,0,1,1,1,1,0,1,1,1,0,1,0,1,1,1,1,1,1,1,1,1,0.96,0.975,0.675,0.95,0.975,0.9665,0.9665,0.9,0.925,0.8165,0.8,0.73,0.82,0.76
48,FALSE,1,1,1,1,1,1,1,1,1,1,1,1,1,1,0,1,0.95,1,1,1,1,1,1,1,0.98,0.9,0.85,0.95,0.88,0.9665,0.753,0.9,0.7375,0.7915,0.65,0.74,0.81,0.73
49,TRUE,0,0,1,1,1,1,0,1,1,1,1,0,1,0,1,0,1,1,1,1,0.76,0.76,1,1,1,0.975,0.95,0.95,0,0.9665,0.9665,1,0.9375,0.8165,0.85,0.74,0.8,0.69
50,TRUE,1,1,1,1,1,1,1,1,1,1,1,1,0,1,1,1,1,1,1,1,1,1,1,1,1,0.875,0.925,0.95,0.905,0.9665,0.8875,1,0.696,0.8415,0.65,0.75,0.79,0.88
51,TRUE,1,1,1,1,1,0,0,1,1,0,1,1,1,1,1,1,0.6,0.8,1,1,1,0.95,1,0.95,1,1,0.85,0.95,1,0.95,0.9665,0.95,0.7125,0.879,0.85,0.77,0.77,0.76
52,FALSE,1,1,0,1,1,1,1,0,1,1,0,1,1,1,1,1,1,1,1,1,1,1,1,1,1,0.9,0.85,0.95,1,0.95,0.833,0.75,0.9,0.8415,0.8,0.77,0.77,0.65
53,FALSE,1,1,1,1,0,0,0,1,1,1,1,0,1,0,0,1,1,0.95,1,1,1,1,1,1,1,1,0.85,0.95,0.925,0.95,0.9375,1,0.8375,0.9165,1,0.775,0.77,0.64
54,TRUE,1,1,1,1,1,1,1,1,1,1,1,1,1,0,0,1,1,1,1,1,1,1,1,1,1,0.925,0.775,0.95,0.85,0.95,0.9165,0.95,0.775,0.75,0.8,0.78,0.76,0.74
55,FALSE,1,1,1,1,1,1,1,1,1,1,1,1,1,1,1,1,1,1,1,1,1,1,1,1,1,0.95,0.95,0.95,1,0.925,0.733,0.725,0.7915,0.9415,0.95,0.79,0.75,0.89
56,FALSE,1,1,1,1,0,0,1,1,1,1,1,1,0,1,1,1,1,0.8,1,1,1,1,1,1,1,0.925,1,0.95,1,0.9165,0.8875,1,0.9875,0.8415,0.85,0.79,0.75,0.95
57,TRUE,1,1,1,1,0,0,0,0,0,1,1,0,1,0,0,1,1,1,1,1,1,1,1,0.94,1,1,0.85,0.95,1,0.9165,0.9665,0.475,0.8375,1,0.5,0.795,0.75,0.87
58,TRUE,1,1,1,0,1,1,1,0,1,1,0,1,0,0,0,0,0.98,1,1,1,0,0,1,1,1,1,0.9,0.95,1,0.9165,0.9665,0.8,0.9625,1,0.95,0.805,0.74,0.9
59,TRUE,0,1,1,0,1,1,1,1,1,1,1,1,1,1,1,1,1,1,0.85,1,1,1,1,0,0,1,0.825,0.95,1,0.9,0.9665,0.95,0.975,0.975,1,0.81,0.72,0.77
60,TRUE,1,1,1,1,0,1,1,0,0,1,1,0,1,1,1,1,1,1,1,1,1,1,1,0,0,0.95,0.85,0.95,1,0.9,0.954,1,0.85,0.9415,0.95,0.82,0.71,0.95
61,FALSE,1,1,1,1,1,1,1,1,1,1,1,1,1,1,1,1,1,1,1,1,1,1,1,1,1,0.975,0.7,0.95,1,0.9,0.95,0.85,0.8,0.8585,0.7,0.825,0.7,0.96
62,TRUE,1,1,0,1,1,0,1,0,1,0,0,1,1,0,0,0,0.8,0.8,1,1,1,0.98,1,1,0.76,1,0.975,0.95,0.95,0.8915,0.8665,0.95,0.925,0.808,0.75,0.83,0.69,0.81
63,FALSE,1,1,1,1,1,1,1,1,1,1,1,1,1,1,1,1,1,1,1,1,1,1,1,1,1,0.925,0.8,0.95,0.85,0.8665,0.9665,1,0.775,0.7835,1,0.84,0.67,0.83
64,TRUE,1,1,0,1,0,1,1,1,1,0,1,1,1,1,1,0,0.95,1,0.9,0.9,1,1,1,0.95,1,0.95,0.7335,0.95,0.8,0.8665,0.95,0.95,0.9625,0.7915,0.8,0.84,0.67,0.77
65,TRUE,0,1,1,1,1,1,1,1,1,1,1,1,1,1,1,1,1,1,1,1,0.76,0.5,1,0.72,0,0.58,0.9,0.95,0.66,0.8665,0.9335,0.57,0.825,0.9665,0.85,0.85,0.66,0.79
66,FALSE,1,1,1,1,1,0,1,1,1,1,1,1,1,0,1,1,1,1,0.9,1,1,1,1,1,1,0.925,0.975,0.95,0.98,0.8665,0.8265,0.8,0.875,0.8665,1,0.85,0.66,0.77
67,TRUE,1,1,1,1,0,1,1,1,1,1,1,1,0,0,1,1,1,1,1,1,1,1,1,0.76,0.98,0.975,0.8335,0.95,0.83,0.863,0.754,0.925,0.846,0.883,0.95,0.85,0.66,0.74
68,FALSE,1,0,1,1,1,1,1,1,1,1,1,1,1,1,1,1,1,0.9,0.8,1,1,1,1,0.8,1,0.825,0.975,0.95,0.98,0.85,0.9665,0.85,0.921,0.929,0.85,0.855,0.65,0.81
69,TRUE,1,1,1,1,0,0,1,1,1,0,1,1,0,0,1,1,1,1,1,1,1,1,1,1,0,0.925,0.75,0.95,1,0.833,0.7865,1,0.7875,0.825,0.95,0.865,0.63,0.93
70,TRUE,1,1,0,1,0,1,1,0,0,1,0,1,1,0,1,1,0.6,1,1,1,0.95,1,1,1,1,1,0.9,0.95,0.95,0.8165,0.9665,0.95,0.725,0.9,0.95,0.87,0.63,0.8
71,TRUE,1,1,1,1,1,1,0,0,1,1,1,1,1,1,1,0,1,1,1,1,1,1,1,1,1,1,0.9,0.95,1,0.8165,0.9665,0.9,0.9,0.9165,0.85,0.87,0.63,0.87
72,TRUE,1,1,1,1,1,1,1,1,1,1,1,1,1,1,0,1,1,1,1,1,1,1,1,1,1,1,1,0.95,0.95,0.8165,0.9665,0.95,0.925,0.883,0.75,0.875,0.62,0.78
73,FALSE,1,1,1,1,0,0,1,0,1,1,1,0,1,1,1,1,1,1,1,1,1,1,1,1,1,0.9,0.85,0.95,1,0.8,0.644,0.85,0.85,1,0.95,0.885,0.58,0.85
74,TRUE,1,1,0,1,1,0,0,1,1,0,1,1,1,1,1,1,1,1,1,1,1,1,1,0,0,1,0.9,0.95,1,0.7665,0.9665,0.95,0.7625,0.854,0.85,0.89,0.57,0.85
75,TRUE,1,1,1,1,1,1,1,1,1,1,1,1,1,1,1,1,1,1,1,1,1,1,1,1,1,0.95,1,0.95,1,0.7665,0.9875,0.925,0.925,0.975,0.95,0.9,0.56,0.98
76,FALSE,1,1,1,1,0,0,1,1,1,0,0,0,1,0,1,0,1,1,1,1,1,1,1,1,1,1,0.9,0.95,1,0.683,0.9165,0.95,0.9585,0.904,0.65,0.915,0.53,0.94
77,FALSE,1,1,1,1,1,1,1,1,1,1,1,1,1,1,1,1,1,1,1,1,1,1,1,1,1,1,0.9,0.95,0.98,0.6665,0.9665,1,0.9875,0.975,0.85,0.915,0.52,0.97
78,FALSE,1,1,0,1,1,1,1,0,1,1,1,0,1,0,1,1,1,1,1,1,1,1,1,1,1,0.95,0.8,0.95,1,0.65,0.85,1,0.9875,0.85,0.95,0.915,0.52,0.97
79,FALSE,0,1,1,0,0,1,0,1,0,0,0,1,0,0,1,1,1,1,1,1,1,1,1,1,1,0.975,0.85,0.95,1,0.5,1,1,0.9875,1,0.95,0.93,0.5,0.97
80,FALSE,1,0,1,1,1,1,0,1,1,1,0,1,1,1,0,0,1,1,1,1,1,1,1,1,1,0.9,0.9,0.95,1,0.458,1,1,0.825,0.9415,0.9,0.93,0.5,0.86
82,TRUE,0,1,0,0,1,1,1,0,1,1,0,1,0,1,1,1,1,0.9,0.85,0.81,0.98,0.94,1,0.98,0,0.975,0.85,0.9425,0.9,0.8,0.9165,1,0.725,0.775,0.8,0.88,0.59,0.92
83,FALSE,1,1,1,1,1,1,1,0,1,1,0,1,0,1,1,1,1,1,1,1,1,1,1,1,1,1,1,0.9415,1,0.7835,1,1,0.9875,0.883,0.95,0.885,0.58,0.93
84,FALSE,0,0,1,1,0,1,0,0,1,1,1,1,1,1,0,0,1,1,1,1,1,1,1,1,1,1,0.8335,0.9415,0.9,0.7165,0.854,1,0.921,0.7585,0.95,0.91,0.54,0.93
85,TRUE,1,1,1,0,1,0,1,1,1,0,1,1,1,1,1,0,0.6,0.4,0.9,0,0.9,0.9,0,0.7,1,0.85,0.6835,0.925,0.875,1,0.771,0.85,0.6415,0.7585,0.75,0.55,0.92,0.68
86,FALSE,1,0,1,1,0,0,1,0,1,0,1,1,1,0,1,1,1,1,1,0,0.5,1,0.5,1,0,0.8,0.9,0.925,0.5,1,0.9665,0.8,0.675,0.675,0.5,0.645,0.86,0.52
87,TRUE,1,1,1,0,0,0,0,1,1,1,0,1,1,1,0,1,0.75,0.95,0,0.5,0.9,0.5,0.8,0.8,0,0.95,0.7335,0.925,0.95,1,0.9165,0.85,0.8125,0.65,0.75,0.675,0.85,0.72
88,TRUE,1,1,1,1,1,1,1,1,1,1,1,1,1,0,1,0,1,1,1,1,1,1,0.95,1,1,0.95,0.7665,0.925,0,0.9665,0.8875,0.95,0.6875,0.7125,0.75,0.7,0.83,0.61
89,TRUE,1,1,1,0,0,0,1,1,1,0,0,1,0,1,0,1,1,1,1,1,1,1,0.95,1,1,1,0.85,0.925,0.93,0.9665,0.9165,0.85,0.675,0.775,0.95,0.7,0.83,0.76
90,FALSE,1,0,1,0,1,0,1,1,1,1,0,1,1,0,0,1,1,1,1,1,1,1,0.96,1,0,0.875,0.95,0.925,1,0.9665,0.9665,1,0.925,0.725,0.9,0.71,0.82,0.74
91,FALSE,1,1,1,0,1,0,1,1,0,1,1,1,0,1,1,1,1,1,0.9,0.9,1,1,1,1,1,0.9,0.85,0.925,0.85,0.9665,0.75,0.95,0.7375,0.7415,0.8,0.74,0.81,0.7
92,TRUE,0,1,1,1,0,0,1,0,1,0,1,1,1,1,1,1,1,1,1,1,1,1,1,1,1,0.8625,0.85,0.925,1,0.9665,0.9665,1,0.85,0.8415,0.85,0.74,0.8,0.63
93,FALSE,1,1,1,0,0,1,0,0,0,1,1,1,1,1,1,1,0.7,0,1,0.9,1,0.95,1,1,1,0.825,0,0.925,0.95,0.9665,0.9165,0.9,0,0.8165,0.9,0.76,0.79,0.79
94,TRUE,1,1,1,1,1,1,1,1,0,1,1,1,0,0,1,0,1,1,1,1,1,1,1,1,1,0.825,0.767,0.925,0.88,0.95,0.921,1,0.7165,0.55,0.75,0.77,0.78,0.78
95,TRUE,1,1,1,1,0,1,1,1,0,1,1,0,0,0,1,1,1,1,1,1,1,1,1,0.9,0.95,0.875,0.7585,0.925,0.98,0.95,0.8735,0.75,0.7875,0.725,0.7,0.775,0.77,0.84
96,TRUE,1,1,1,1,1,1,1,1,1,1,1,1,1,1,0,1,1,1,1,1,1,1,1,1,1,0.925,0.75,0.925,0.9,0.9415,0.933,0.875,0.8,0.8415,0.95,0.785,0.76,0.77
97,FALSE,1,0,1,1,1,1,1,1,1,1,0,1,1,1,1,1,1,1,1,0.95,1,1,1,1,1,0.5,1,0.925,1,0.933,0.9165,0.875,1,0.95,0.9,0.785,0.75,0.92
98,TRUE,1,0,1,1,1,1,0,1,1,1,1,1,1,0,1,1,1,1,1,1,1,0.95,1,0,1,0.95,0.95,0.925,0.85,0.925,0.9665,1,0.6625,0.879,0.75,0.79,0.75,0.67
99,TRUE,1,1,0,1,0,1,1,0,1,1,1,1,1,1,1,0,1,0.8,1,1,1,1,1,0,1,0.65,0.8835,0.925,1,0.9165,0.9165,0.85,0.95,0.8415,0.85,0.79,0.75,0.79
100,FALSE,1,1,1,1,1,1,0,1,1,1,1,1,0,0,0,1,1,1,1,1,1,1,1,1,1,0.95,0.6835,0.925,0.98,0.8915,0.8875,0.9,0.775,0.8665,0.9,0.83,0.69,0.8
101,FALSE,1,1,1,1,1,0,1,1,0,1,1,1,1,1,1,0,1,1,1,1,1,1,1,1,1,0.925,0.7,0.925,0.95,0.8165,1,1,0.875,0.9,1,0.875,0.62,0.83
102,TRUE,1,0,0,0,0,0,0,0,0,0,0,0,0,0,0,0,0.8,0,1,1,1,1,1,1,1,1,1,0.925,1,0.7165,0.954,0.85,0.9625,0.9665,0,0.905,0.55,0.88
103,TRUE,1,1,1,1,1,0,0,1,0,1,1,0,0,0,0,1,1,1,1,1,1,1,1,1,1,0.9875,0.9,0.925,0.98,0.633,0.854,0.875,0.8375,0.908,0.9,0.92,0.51,0.93
104,TRUE,0,0,0,0,1,0,1,1,1,0,1,0,0,0,0,1,1,1,1,0.95,1,1,0.5,1,1,0.85,0.85,0.9125,0.855,1,0.8135,0.975,0.629,0.8415,0.8,0.64,0.87,0.7
105,FALSE,1,1,1,1,1,1,0,0,1,0,0,0,1,1,0,0,1,1,1,1,1,1,1,1,1,0.85,0.8335,0.904,1,0.95,0.904,0.95,0.725,0.758,0.95,0.78,0.76,0.73
106,TRUE,1,1,0,1,1,1,0,0,0,1,1,1,0,0,1,1,1,1,1,1,1,1,0,1,1,0.85,0.654,0.9,0.83,1,0.8415,0.625,0.575,0.8625,0.95,0.55,0.92,0.68
107,TRUE,1,1,1,0,1,0,1,1,1,1,0,1,1,0,1,1,1,1,0.8,1,1,0.8,0,1,1,0.925,0.95,0.9,1,1,0.9665,1,0.8375,0.775,0.8,0.59,0.88,0.58
108,TRUE,1,1,1,1,1,0,0,0,0,0,0,1,1,1,1,1,1,1,1,0.96,1,1,0.84,1,1,0.7,0.6915,0.9,1,1,0.9665,1,0.7125,0.699,0.75,0.68,0.84,0.65
109,TRUE,1,1,1,1,1,1,1,1,1,1,1,1,1,1,0,1,1,1,1,1,1,1,0.9,1,1,0.95,0.667,0.9,0.95,0.9665,0.9,0.95,0.8625,0.854,0.85,0.7,0.83,0.77
110,TRUE,1,1,0,1,0,1,0,0,1,1,0,0,0,0,0,0,1,1,1,1,1,0.5,0.95,1,0.5,0.5,0.5,0.9,0.63,0.9665,0.9665,0.95,0.646,0.7,0.9,0.71,0.82,0.58
111,TRUE,1,1,1,1,1,1,1,1,0,0,1,1,1,1,1,1,1,1,1,1,1,1,1,1,1,0.9,0.692,0.9,0.95,0.9665,0.9665,0.95,0.75,0.8585,0.85,0.725,0.82,0.7
112,FALSE,1,1,1,1,0,1,1,1,1,1,1,0,1,1,0,0,1,1,1,1,1,1,1,1,1,1,0.7835,0.9,1,0.9665,0.9665,0.95,0.9875,1,0.75,0.725,0.82,0.78
113,FALSE,1,1,1,1,1,1,1,1,1,1,0,1,1,1,1,0,1,1,1,1,1,1,1,1,1,1,0.8335,0.9,0.95,0.9665,0.9165,0.825,0.8875,0.8665,0.75,0.74,0.8,0.88
114,FALSE,1,1,1,1,0,1,0,1,1,1,1,1,1,1,1,1,1,1,1,1,1,1,1,1,1,1,0.95,0.9,0.96,0.9665,0.9665,0.75,0.925,0.804,0.85,0.75,0.79,0.79
115,TRUE,0,1,0,1,1,0,1,1,1,1,0,0,1,1,0,1,1,0.55,1,0.9,0,1,1,1,0,0.8875,0.9,0.9,0,0.9665,0.8585,0.925,0.725,0.92,0,0.755,0.79,0.72
116,TRUE,0,1,1,1,1,0,1,0,1,1,1,1,0,1,1,1,1,0.5,1,1,1,1,1,1,1,0.875,0.7,0.9,0.93,0.95,0.9165,0.925,0.875,0.87,0.85,0.765,0.78,0.82
117,FALSE,1,1,1,1,0,1,1,1,1,1,0,1,1,0,1,1,1,1,1,1,1,1,1,1,1,0.975,0.75,0.9,1,0.95,0.9665,0.95,0.725,0.9665,1,0.765,0.78,0.83
118,TRUE,1,1,1,0,1,1,0,0,1,1,1,1,1,1,1,0,1,1,1,0,1,1,1,1,1,0.9,0.917,0.9,0.88,0.95,0.9665,0.9,0.8085,0.7915,1,0.78,0.76,0.78
119,TRUE,1,1,1,1,1,1,1,1,1,1,0,0,1,1,1,1,1,0.6,0.5,1,1,1,1,1,1,0.95,0.7,0.9,0.9,0.95,0.883,0.875,0.6125,0.75,0.85,0.78,0.76,0.65
120,FALSE,1,1,1,1,1,1,1,1,1,1,0,0,1,0,1,1,1,1,1,1,1,1,1,1,0,0.95,1,0.9,0.9,0.95,1,0.9,0.8375,0.9665,0.95,0.785,0.76,0.9
121,TRUE,1,1,1,1,1,1,1,1,0,1,1,1,1,0,1,1,1,1,0.95,1,1,1,1,1,1,0.825,0.8,0.9,1,0.9165,0.954,0.95,0.9375,0.8835,0.8,0.8,0.74,0.77
122,TRUE,1,1,1,1,1,1,1,1,1,1,1,1,1,1,1,1,1,1,1,1,1,1,1,1,0,0.95,0.85,0.9,0.85,0.9165,0.933,0.75,0.925,0.85,0.7,0.805,0.74,0.8
123,TRUE,0,1,1,1,0,0,0,0,0,1,1,1,1,0,1,0,0.6,1,1,1,1,1,1,1,1,1,0.8335,0.9,0.75,0.9,0.9665,0.95,0.9375,0.904,0.65,0.81,0.72,0.87
124,TRUE,1,1,1,1,1,1,1,0,0,1,1,1,1,1,1,0,0.6,1,1,1,1,1,1,1,1,0.95,0.75,0.9,1,0.9,0.9665,0.9,0.75,0.925,0.85,0.82,0.71,0.83
125,FALSE,1,0,0,0,0,0,0,1,0,1,0,0,0,0,0,0,1,0,1,0.98,0.98,1,1,1,0,1,0.8665,0.9,0.93,0.9,0.9665,1,0,0.9665,0.85,0.82,0.71,0.75
126,TRUE,1,1,1,1,1,1,1,1,1,1,1,1,1,1,1,0,1,1,0.95,1,1,1,1,1,0,0.925,0.8,0.9,1,0.9,0.9205,0.975,0.9625,0.8835,0.85,0.83,0.7,0.93
127,FALSE,1,1,1,1,1,1,1,1,1,1,1,1,1,0,1,1,1,1,1,1,1,1,1,1,1,1,0.95,0.9,0.95,0.9,0.9875,1,0.9875,0.8415,0.9,0.83,0.7,0.92
128,TRUE,1,1,1,1,1,1,1,1,1,1,1,1,1,1,1,1,1,1,1,1,1,1,1,1,0.95,0.9,0.917,0.9,0.98,0.8915,0.9665,0.9,0.7085,0.8665,1,0.83,0.7,0.83
129,TRUE,1,1,1,1,0,1,1,1,1,1,0,0,1,1,1,0,1,1,1,1,1,1,1,0.5,0,0.95,0.85,0.9,0.81,0.8835,0.8875,0,0.9625,0.833,0.9,0.83,0.69,0.72
130,FALSE,1,1,1,0,1,1,1,1,0,1,0,1,1,0,0,0,1,0.6,1,1,1,1,1,1,1,1,0.95,0.9,1,0.883,0.954,0.95,0.9875,0.9165,0.95,0.835,0.68,0.96
131,FALSE,1,1,1,1,1,1,1,0,0,0,0,1,0,0,0,1,1,1,1,1,1,1,1,1,0,1,0.75,0.9,1,0.85,1,0.95,0.875,0.9165,0.85,0.855,0.65,0.89
132,TRUE,1,1,1,1,0,0,1,0,1,1,1,0,1,0,1,0,1,1,1,1,1,1,1,1,1,0.925,0.6,0.9,1,0.85,1,1,0.896,0.925,0.9,0.855,0.65,0.85
133,FALSE,0,0,0,0,0,0,1,0,0,0,0,0,0,1,0,0,1,1,1,1,1,1,1,1,1,1,0.9,0.9,1,0.85,0.9625,1,0.9625,0.9165,0.9,0.86,0.64,0.91
134,FALSE,0,0,0,1,1,0,1,1,1,1,1,1,0,1,1,0,1,1,1,1,1,0,1,0,1,0.95,0.7335,0.9,0.88,0.8335,1,0,0.7875,0.9,0.8,0.865,0.63,0.87
135,TRUE,1,1,1,1,1,1,1,1,1,1,1,1,0,0,1,0,1,1,1,1,1,1,1,1,1,1,0.9,0.9,0.925,0.8165,0.933,1,0.925,0.7835,0.7,0.875,0.61,0.82
136,FALSE,1,1,1,1,0,1,1,1,1,1,1,1,1,1,0,0,1,1,1,1,1,1,1,1,1,0.95,0.8,0.9,1,0.8,0.9205,1,0.9,0.9,0.85,0.88,0.6,0.93
137,FALSE,1,1,1,1,1,1,1,1,1,1,1,1,0,1,1,1,1,1,1,1,1,1,1,1,1,0.85,0.85,0.9,0.93,0.8,0.95,0.95,0.825,0.9,0.9,0.88,0.59,0.89
138,FALSE,1,1,1,1,1,0,0,0,0,1,1,0,0,1,0,0,1,1,1,1,1,1,1,0,0,1,0.85,0.9,0.95,0.7665,0.9665,0,0.9875,0.8915,0,0.895,0.57,0.9
139,FALSE,1,1,0,1,1,1,1,0,1,1,1,1,1,0,0,0,1,1,1,1,1,1,1,1,1,1,0.85,0.9,1,0.7665,1,1,0.9875,0.9665,0.85,0.895,0.57,0.94
140,FALSE,1,1,0,0,1,0,0,0,1,1,1,1,1,0,1,1,0,1,1,0.98,0.96,1,1,0.96,0.94,0.975,0.9,0.9,1,0.6665,0.904,0.975,0.9175,0,0.95,0.915,0.53,0.94
141,TRUE,1,1,1,1,0,1,1,1,0,0,0,0,0,0,0,0,0.53,1,1,0,1,1,1,1,1,1,0.9,0.9,0.95,0.6465,0.9665,0.85,0.95,0.9335,0.85,0.915,0.51,0.9
143,TRUE,1,1,1,1,1,1,1,0,0,1,1,1,1,0,0,1,1,1,1,1,1,1,1,1,1,0.875,0.9,0.8915,0.9,0.9,0.933,0.825,0.6375,0.9165,0.8,0.825,0.71,0.89
144,TRUE,1,1,1,1,1,1,1,1,1,1,1,1,0,0,1,1,1,1,1,0.6,1,1,1,1,1,1,0.8,0.8875,0.825,0.9665,0.9,0.85,0.75,0.8165,1,0.75,0.79,0.78
145,FALSE,1,1,1,1,0,1,0,0,0,0,1,1,1,1,1,0,1,1,1,0,1,1,1,1,1,0.925,0.8,0.8875,0.93,0.8665,0.9875,0.95,0.8125,0.879,0.7,0.845,0.67,0.93
146,TRUE,1,0,1,0,1,0,1,1,1,0,0,1,1,0,0,0,1,1,1,1,1,1,0,1,0,0.975,0.95,0.875,1,1,0.9665,0.95,0.8375,0.9415,0.8,0.585,0.89,0.72
147,TRUE,1,1,1,1,1,0,1,1,0,1,1,1,1,1,1,1,0.8,1,1,1,1,1,0,1,1,1,0.8375,0.875,0.95,1,0.9165,0.95,0.8625,0.8915,0.85,0.61,0.88,0.65
148,TRUE,1,0,1,1,0,1,1,1,1,0,1,1,1,0,1,1,0.76,1,1,0.98,1,0.91,0,0.88,0,0.85,0.9,0.875,1,1,0.7965,0.775,0.85,0.8,0.85,0.615,0.87,0.61
149,FALSE,1,1,0,1,0,1,1,1,0,0,1,1,1,1,0,1,1,1,1,1,1,1,0,1,1,0.825,0.65,0.875,1,1,0.7875,0.95,0.6085,0.75,0.9,0.625,0.87,0.65
150,TRUE,1,1,1,1,1,1,1,1,1,1,1,0,1,1,1,0,0.45,0.6,1,1,1,1,0,1,1,0.7,0.9335,0.875,1,1,0.5,0.9,0.521,0.667,0.85,0.625,0.87,0.73
151,TRUE,1,1,1,1,1,1,1,1,1,1,1,0,1,0,1,0,1,1,1,1,1,1,0.8,0,0,1,0.8835,0.875,1,1,0.933,0.975,0.625,0.792,0.95,0.675,0.85,0.73
152,TRUE,1,1,1,1,1,1,1,1,1,1,0,0,1,0,0,0,1,1,1,1,1,1,0.9,1,1,0.875,0.6335,0.875,0.88,0.9665,0.8915,0.9,0.746,0.7665,0.75,0.695,0.83,0.74
153,FALSE,1,1,1,0,1,0,1,1,1,1,1,0,1,0,1,0,0.95,1,0,1,0.9,0.95,1,1,1,1,0.5835,0.875,0.925,0.95,0.8875,0.825,0.9375,0.824,0.85,0.77,0.78,0.83
154,TRUE,1,0,1,1,1,0,1,1,0,1,1,0,0,1,1,1,1,1,0.6,1,1,1,1,1,1,1,0.95,0.875,0.95,0.9,0.9665,1,0.875,0.95,0.85,0.81,0.72,0.94
155,FALSE,1,0,1,1,1,1,1,1,0,0,1,1,0,1,1,1,1,1,1,1,1,1,1,1,1,1,0.95,0.875,1,0.9,0.9665,1,0.825,0.975,0.85,0.815,0.72,0.94
156,FALSE,0,0,0,0,0,1,1,0,1,0,0,0,1,1,0,0,0,0,0.68,0.7,0.64,0.88,1,0.5,0.62,0.975,0.78,0.875,0,0.883,0.5,0.95,0.8375,0.7215,0.93,0.835,0.68,0.76
157,FALSE,1,1,1,1,1,1,1,1,1,0,0,0,1,0,1,1,1,1,0.8,1,1,1,1,1,1,0.825,0.8,0.875,1,0.875,0,0.95,0.7585,0.8665,0.95,0.84,0.68,0.95
158,TRUE,1,0,1,1,1,1,1,1,0,1,1,1,1,0,1,1,1,1,1,1,1,1,1,1,1,0.95,0.8,0.875,1,0.8415,1,1,0.796,0.8915,0.9,0.86,0.64,0.93
159,FALSE,1,1,1,1,0,1,0,1,1,0,0,1,0,0,1,0,1,1,0.75,0,1,1,1,1,1,0.95,0.85,0.875,0.875,0.8165,0.8415,0.85,0.725,0.8915,0.8,0.88,0.61,0.89
160,FALSE,1,1,1,1,1,1,1,1,1,1,1,1,1,0,1,1,1,1,1,1,1,1,1,1,1,0.95,1,0.875,0.95,0.8,0.9875,1,0.9125,0.925,0.9,0.88,0.59,0.98
161,FALSE,1,1,1,0,1,0,1,1,1,0,0,1,0,0,0,1,1,1,1,1,0,1,0.96,1,1,0.95,0.95,0.8625,0,0.9665,0.821,0.85,0.8,0.9165,1,0.715,0.82,0.77
162,FALSE,1,1,1,1,1,1,1,1,1,1,1,0,1,1,0,1,1,1,1,1,1,1,1,1,1,1,0.9,0.8625,0.98,0.9,0.9205,0.85,0.775,0.7915,1,0.805,0.73,0.76
163,FALSE,1,1,1,1,0,1,0,1,1,1,1,1,1,1,1,1,1,1,1,1,1,1,1,1,1,0.95,0.95,0.8625,1,0.8665,0.9665,0.95,0.9375,0.8585,0.95,0.85,0.67,0.81
164,FALSE,1,1,1,1,1,1,1,1,1,1,0,1,1,1,1,0,1,1,1,1,1,1,1,1,1,0.9375,0.775,0.8625,0.905,0.7,0.95,1,0.825,0.7915,0.95,0.91,0.54,0.93
165,TRUE,1,0,0,1,1,0,1,1,1,0,1,0,0,0,0,0,0,1,1,0.95,1,1,1,0,0,0.95,0.9335,0.8585,1,0.9665,0.883,0.95,0.875,0.8665,0,0.75,0.8,0.83
166,TRUE,1,1,1,1,1,1,1,1,1,1,1,1,1,0,0,0,1,1,1,1,1,1,0,1,1,0.875,0.85,0.85,0.9,1,0.725,0.825,0.625,0.875,0.9,0.52,0.93,0.5
167,FALSE,1,1,1,1,0,1,1,0,0,1,0,1,0,1,1,1,1,1,1,0,1,0,0.5,1,1,0.9,0.6665,0.85,0.93,1,0.9,0.75,0.654,0.8915,0.9,0.645,0.86,0.76
168,TRUE,1,1,1,1,1,1,1,1,1,1,1,1,1,1,1,1,1,1,1,1,1,1,0.6,1,1,0.9375,0.8835,0.85,1,1,0.6865,0.95,0.6665,0.775,0.75,0.65,0.86,0.5
169,FALSE,1,1,0,0,1,1,0,1,1,1,0,1,0,0,0,1,1,1,1,1,1,1,0.86,1,1,0.825,0.95,0.85,0.95,0.975,0,0.725,0.7335,0.9125,0.7,0.68,0.84,0.67
170,TRUE,1,1,0,0,1,0,1,0,1,1,1,1,1,1,1,1,1,0.95,1,1,1,1,0.95,1,0,0.9,0.95,0.85,1,0.9665,0.9165,0.95,0.7875,0.8665,0.65,0.7,0.83,0.59
171,TRUE,1,1,1,0,1,1,1,1,0,1,0,1,1,1,0,0,1,1,1,1,1,1,0.96,1,1,0.95,0.8165,0.85,0.89,0.9665,0.5,0.675,0.9125,0.675,0.55,0.71,0.82,0.77
172,TRUE,1,0,1,1,0,1,1,0,1,1,1,1,0,0,1,0,0.6,0.6,0.9,0.9,0.9,1,0.98,1,1,1,0.6,0.85,0.93,0.9665,0.9375,0.625,0.7875,0.796,0.8,0.72,0.82,0.75
173,FALSE,1,1,1,1,1,1,1,1,1,1,0,0,1,0,0,0,1,1,0.95,1,1,1,0.98,1,1,0.95,0.5835,0.85,1,0.9665,0.954,1,0.671,0.8665,0.7,0.72,0.82,0.69
174,FALSE,1,1,1,1,0,0,1,0,0,1,1,1,1,1,1,1,1,1,0.95,1,1,1,1,1,1,0.825,0.5835,0.85,0.905,0.9665,0.742,0.825,0.7,0.695,1,0.745,0.8,0.54
175,FALSE,1,1,1,1,1,1,1,0,1,1,1,0,1,1,0,1,1,1,0.5,0.5,1,1,1,1,1,0.95,0.85,0.85,0.98,0.95,0.8915,0.9,0.7915,0.8665,0.8,0.765,0.78,0.77
176,FALSE,1,1,1,1,1,1,1,1,1,1,1,1,1,1,1,1,1,1,1,1,1,1,1,1,1,0.9,0.65,0.85,1,0.95,0.954,0.875,0.95,0.8665,1,0.775,0.77,0.86
177,FALSE,1,1,1,1,0,1,1,1,1,1,1,1,1,1,1,0,1,1,1,1,1,1,1,1,1,0.9,0.625,0.85,0.95,0.9165,0.8415,0.95,0.7625,0.8165,0.7,0.795,0.75,0.69
178,TRUE,1,1,1,1,0,0,1,1,1,1,0,1,0,1,0,1,0.9,1,1,1,1,1,1,1,1,0.9975,0.85,0.85,1,0.9,0.9875,0.975,0.975,0.9,0.95,0.81,0.72,0.85
179,FALSE,1,1,1,1,1,1,1,1,1,0,1,1,1,1,1,1,1,0.9,0.8,1,1,1,1,1,1,0.975,0.8165,0.85,0.95,0.9,0.8665,0.9,0.821,0.7915,0.85,0.81,0.72,0.64
180,TRUE,0,1,1,0,1,1,0,1,0,0,1,1,1,0,1,1,1,1,1,1,1,1,1,1,1,0.85,0.8,0.85,1,0.9,0.9665,0.8,0.925,0.8665,0.85,0.815,0.72,0.84
181,TRUE,1,1,1,0,1,0,1,1,1,1,1,1,1,1,0,1,1,1,1,1,1,1,1,1,0.95,1,0.85,0.85,1,0.9,0.8,0.95,0.7,0.925,0.9,0.815,0.72,0.73
182,TRUE,0,0,0,0,1,1,1,1,1,0,1,1,1,1,1,1,0,1,1,1,1,1,1,0,1,0.5,0.7835,0.85,0.91,0.9,0.9,0.975,0.5915,0.5,0.8,0.82,0.71,0.84
183,TRUE,1,1,0,1,1,0,1,1,1,1,1,0,1,1,1,0,1,1,1,1,1,1,1,1,0,1,0.767,0.85,0.93,0.9,0.804,0.95,0.725,0.825,0.95,0.82,0.71,0.88
184,TRUE,1,1,1,1,1,1,1,1,1,0,0,1,1,1,1,1,1,1,1,1,1,0,1,1,1,0.95,0.8835,0.85,0.95,0.9,0.804,1,0.971,0.9,0.8,0.82,0.71,0.73
185,TRUE,1,1,1,1,0,1,1,1,0,1,1,0,0,0,0,0,1,1,1,1,1,1,1,1,1,0.95,0.8,0.85,0.95,0.9,1,1,0.875,0.8365,0.95,0.825,0.7,0.79
186,TRUE,1,1,1,1,1,1,1,1,0,0,1,1,1,1,0,1,1,1,1,1,1,1,1,1,1,0.95,0.7,0.85,1,0.883,0.975,0.95,0.925,0.8085,0.95,0.835,0.69,0.82
187,FALSE,1,1,1,0,1,1,1,1,1,1,0,0,1,1,0,1,1,1,0,0.7,1,1,1,1,1,1,0.9835,0.85,1,0.883,0.854,1,0.7085,0.8415,0.9,0.835,0.68,0.87
188,TRUE,1,1,1,1,1,1,1,1,1,1,1,0,1,1,0,1,1,1,1,1,1,1,1,0.98,1,0.975,0.9,0.85,0.88,0.8665,0.954,0.95,0.796,0.817,0.95,0.84,0.67,0.77
189,FALSE,0,1,1,1,1,1,1,1,0,1,1,1,0,0,0,1,1,1,1,1,1,1,1,0,1,0.925,0.9335,0.85,0.95,0.8665,0.9665,1,0.95,0.9875,0.65,0.85,0.67,0.91
190,FALSE,1,1,1,1,0,0,1,1,1,0,0,0,0,1,1,1,1,1,1,1,0.98,1,1,1,0.96,1,0.8,0.85,0.9,0.85,0,1,0.825,0.8665,0.95,0.86,0.64,0.7
191,FALSE,1,1,1,1,1,1,1,1,1,0,1,0,0,0,0,0,1,1,1,1,1,1,1,1,0.9,1,0.8,0.85,1,0.583,0.9,1,0.9625,0.8415,0.9,0.925,0.51,0.79
192,FALSE,1,1,1,1,0,1,1,1,1,1,1,1,0,1,1,1,1,1,1,1,0.66,1,1,1,1,1,1,0.85,1,0,1,0.95,0.9835,0.8415,0.95,0.95,0.47,1
193,TRUE,1,1,1,1,0,1,1,1,0,1,1,1,1,0,0,0,1,0.54,0.54,0.5,1,0.5,1,1,1,0.95,0.725,0.8375,1,0.9665,0.821,0.8,0.7625,0.8665,0.7,0.735,0.81,0.64
194,FALSE,0,1,1,0,1,1,0,1,1,1,0,1,0,1,0,1,1,1,1,0.66,1,1,1,1,1,0.925,0.9335,0.8375,0.95,0.95,0.9665,1,0.825,0.9085,0.75,0.77,0.77,0.82
195,TRUE,1,1,0,1,0,1,0,0,0,0,1,1,1,1,1,1,1,1,1,1,1,1,0,1,1,0.825,0.95,0.825,0.95,1,0.9665,0.875,0.4415,0.7665,0.9,0.545,0.92,0.53
196,TRUE,1,1,1,0,1,1,0,0,1,1,1,1,1,1,0,0,0.6,0.9,1,0.95,0.95,1,0,1,1,0.825,0.9,0.825,0.975,1,0.9,0.85,0.8875,0.9,0.95,0.585,0.89,0.7
197,FALSE,1,1,1,1,1,1,1,0,1,1,0,0,1,1,1,1,1,1,1,1,1,1,1,1,1,0.95,0.9,0.825,1,0.9665,0.95,1,0.8,0.975,0.8,0.755,0.79,0.79
198,TRUE,0,0,1,0,0,0,1,1,0,1,1,0,1,1,1,1,0.95,0.4,0,1,1,0.95,1,1,1,0.65,0.6085,0.825,0.98,0.95,0.794,0.675,0.775,0.7165,0.9,0.76,0.78,0.8
199,FALSE,1,1,1,1,0,1,1,1,1,0,1,1,1,1,1,1,0.8,0.8,1,1,1,1,1,1,1,1,0.95,0.825,0.95,0.933,1,0.975,0.75,0.95,0.9,0.785,0.75,0.86
200,FALSE,1,1,0,0,0,1,1,1,0,1,1,1,0,0,1,1,0.7,1,1,1,1,1,1,1,1,0.8375,0.85,0.825,0.98,0.9165,0.9665,0.95,0.8125,0.825,0.7,0.8,0.74,0.83
201,TRUE,1,0,1,1,1,1,1,1,1,1,1,1,1,1,1,1,1,1,1,1,1,1,1,1,1,0.95,0.95,0.825,1,0.9165,0.9205,0.8,0.9,0.95,0.9,0.805,0.74,0.69
202,FALSE,1,0,0,1,1,0,1,1,1,1,1,1,1,1,1,1,0.55,0.95,0.9,0.95,1,1,1,1,0,0.8,0.65,0.825,0.64,0.9,0.8165,0.725,0.679,0.7665,0.6,0.81,0.73,0.84
203,TRUE,1,1,0,0,1,0,1,0,1,1,0,0,1,1,1,0,1,1,1,1,1,1,1,1,1,1,0.8165,0.825,0.98,0.9,0.8165,0.9,0.7125,0.9165,0.9,0.825,0.7,0.87
204,TRUE,1,1,1,1,1,1,1,1,1,1,0,0,1,0,0,1,1,1,1,1,1,0.9,1,1,1,0.95,0.85,0.825,1,0.883,1,0.95,0.75,0.925,0.8,0.835,0.68,0.88
205,TRUE,1,1,1,1,1,1,0,1,1,1,0,1,1,1,1,0,1,1,1,1,1,1,0,1,1,0.8,0.9,0.8165,1,1,0.9665,0.95,0.6625,0.8915,0.95,0.585,0.89,0.72
206,FALSE,1,1,0,0,0,1,1,1,0,1,1,1,0,1,1,1,1,1,1,0.9,1,1,1,1,1,0.9125,0.9,0.8165,1,0.9665,0.9665,0.95,1,0.825,0.9,0.74,0.8,0.76
207,TRUE,1,1,1,0,1,0,0,0,1,1,0,0,1,1,0,0,1,1,0.98,0.94,0.94,0,0.86,0.5,1,0.95,0.6665,0.8135,0.91,0.975,0.904,0.5,0.6335,0.7415,0.85,0.68,0.84,0.69
208,FALSE,0,0,1,0,0,0,0,0,0,0,0,0,1,0,0,1,0.95,0.85,1,0,0.95,0.9,1,0.9,1,0.875,0.8585,0.8085,0.93,0.85,0,0.775,0.925,0.9,0.9,0.85,0.66,0.75
209,TRUE,1,1,1,1,0,1,0,0,0,0,1,0,0,0,0,0,0.8,0.65,0.6,0.8,0.65,0,0,0.65,0,0.675,0.75,0.8,1,1,0.8585,0.85,0.6875,0.7915,0.7,0.54,0.92,0.45
210,TRUE,1,1,1,1,1,0,1,1,1,1,1,1,1,1,1,1,1,1,1,1,1,1,0,0,1,0.9,0.8,0.8,0.95,1,0.9665,0.8,0.525,0.7915,0.85,0.56,0.91,0.55
211,TRUE,1,1,0,0,0,0,0,1,0,1,1,1,1,0,0,0,1,1,1,1,1,1,0,1,1,0.7625,0.7,0.8,0.98,1,0.95,0.9,0.625,0.8665,1,0.565,0.9,0.67
212,TRUE,1,0,1,0,0,1,1,0,1,1,0,1,1,0,1,1,0.85,1,1,1,0.9,1,0.5,1,1,0.8,0.6415,0.8,0.66,1,0.775,0.9,0.4875,0.7585,0.75,0.645,0.86,0.6
213,FALSE,1,1,1,0,1,0,1,1,1,1,1,0,1,1,1,1,1,1,1,1,1,1,0.72,1,0,0.875,0.5835,0.8,0.98,1,0.7705,0.825,0.825,0.8415,0.85,0.655,0.86,0.87
214,FALSE,1,1,1,1,1,1,1,1,1,1,1,1,1,1,1,1,1,0.6,1,0.9,1,1,0.95,1,1,0.95,0.8,0.8,0.95,0.9665,0.95,0.9,0.7835,0.925,0.85,0.71,0.82,0.81
215,TRUE,1,1,1,0,0,0,0,1,1,1,1,1,0,1,1,1,1,1,1,1,1,1,1,1,1,0.95,0.8,0.8,0.85,0.9665,0.954,0.925,0.6585,0.775,0.95,0.73,0.82,0.74
216,FALSE,0,0,1,1,0,1,0,0,1,1,1,1,0,0,0,0,0.95,1,1,1,0,0.95,1,0.86,1,0.95,0.95,0.8,0.95,0.9665,0.9665,0.95,0.975,0.975,0.85,0.76,0.79,0.69
217,TRUE,1,0,0,1,1,0,1,1,1,0,0,0,1,1,0,1,1,1,0.9,1,0,1,1,1,0,0.9,0.8835,0.8,0.93,0.95,0.9,0.825,0.429,0.708,0.8,0.77,0.77,0.79
218,TRUE,1,1,1,1,1,0,1,1,1,1,1,1,1,1,0,1,1,1,1,1,1,1,1,1,1,0.875,0.8,0.8,1,0.95,0.8665,0.95,0.85,0.8915,0.95,0.78,0.76,0.785
219,FALSE,1,0,1,1,1,1,1,0,0,0,1,0,0,1,0,1,1,1,0.9,0.9,1,1,1,1,1,1,0.75,0.8,0.95,0.9165,0.8585,0.95,0.775,0.8415,0.8,0.795,0.74,0.9
220,FALSE,1,1,1,1,1,1,1,0,1,1,1,1,1,0,1,0,0.6,1,1,1,1,1,1,1,1,0.9,0.9335,0.8,0.88,0.9165,1,1,0.825,0.925,0.95,0.805,0.73,0.78
221,FALSE,1,1,1,0,1,1,1,1,1,0,1,1,1,1,1,1,1,1,1,1,1,1,1,1,1,0.85,0.6,0.8,1,0.9,0.921,0.975,0.679,0.825,0.8,0.805,0.73,0.7
222,TRUE,1,1,1,1,0,0,1,0,1,1,0,1,1,1,1,1,1,1,1,1,1,1,1,1,1,0.8,0.775,0.8,1,0.9,0.8835,0.95,0.975,0.95,0.7,0.815,0.72,0.86
223,FALSE,1,1,1,1,1,0,0,1,1,1,1,1,1,0,0,1,0.8,0.7,0.8,0.6,0.6,0.6,0,0.8,0.8,0.725,0.4665,0.775,0.735,1,0.621,0.55,0.5625,0.7165,1,0.36,0.98,0.55
224,TRUE,1,1,1,1,1,1,1,1,1,1,1,1,1,1,0,1,1,1,1,1,1,1,0,1,1,0.975,0.4835,0.775,0.9,1,0.854,0.775,0.725,0.7165,0.6,0.605,0.88,0.66
225,FALSE,1,1,1,1,1,0,0,0,0,0,1,0,1,1,1,1,0.95,0.6,0.6,0.6,0.9,0.7,0,1,0,0.85,0.7335,0.775,0.88,1,0.6545,0.525,0.4375,0.6085,0,0.61,0.88,0.79
226,TRUE,1,1,1,1,1,1,1,1,0,1,1,1,0,1,1,1,1,1,1,1,1,1,0.8,0.98,1,0.9125,0.575,0.775,0.69,1,0.7125,0.95,0.5875,0.7415,0.85,0.675,0.85,0.7
227,TRUE,1,1,1,1,1,1,0,1,0,1,1,1,1,1,1,0,0.9,0.8,0.8,0.85,1,1,0.9,1,1,0.9,0.7835,0.775,1,0.9665,0.854,0.85,0.7415,0.6835,0.9,0.69,0.83,0.54
228,FALSE,1,1,1,1,1,1,1,1,0,1,0,1,1,0,1,0,1,1,1,1,1,1,1,1,1,0.95,0.7835,0.775,0.93,0.9665,0.95,0,0.55,0.8165,0.95,0.73,0.81,0.8
229,FALSE,1,1,1,1,1,1,1,1,1,0,1,1,1,1,1,0,0.9,1,1,0.8,1,1,1,1,1,0.95,0.8,0.775,0.78,0.9665,0.9165,0.9,0.725,0.8335,0.85,0.745,0.8,0.87
230,FALSE,1,1,1,1,0,1,1,1,1,1,1,1,1,1,1,1,1,1,1,0.5,1,1,1,1,1,0.825,0.6,0.775,0.88,0.9,0.7705,0.9,0.6,0.7,0.9,0.81,0.72,0.61
231,FALSE,1,1,1,1,0,1,1,1,0,1,1,0,0,1,0,1,1,1,1,1,0.98,1,1,1,1,0.85,0.85,0.775,0.98,0.85,0.9,0.9,0.8875,0.8415,0.85,0.855,0.65,0.91
232,FALSE,1,1,1,1,1,1,1,1,1,1,1,1,1,1,0,1,1,1,1,1,1,1,0,1,1,0.625,0.6165,0.75,0.61,1,0.8085,0.75,0.425,0.65,0.65,0.485,0.96,0.55
233,FALSE,1,1,1,1,1,0,1,1,0,0,1,0,1,1,1,1,1,1,0.9,1,1,0.54,0,0,1,0.95,0.7,0.75,0.96,1,0.7375,0.85,0.6625,0.5665,0.9,0.525,0.93,0.63
234,TRUE,1,0,1,0,0,1,1,0,1,1,0,0,0,0,0,1,1,1,1,1,1,1,0,1,1,0.4,0.85,0.75,1,1,0.9,0.8,0.6915,0.7415,0.8,0.575,0.89,0.5
235,FALSE,1,1,1,1,1,1,1,1,0,1,1,1,1,0,1,0,1,1,1,1,1,1,0,1,1,0.575,0.5835,0.75,0.68,1,0.554,0.775,0.6625,0.65,0.7,0.585,0.89,0.58
236,TRUE,0,0,0,1,1,0,1,1,1,1,1,0,1,1,1,1,1,1,0.9,1,1,0.95,1,0.8,0.9,0.825,0.85,0.75,0.855,0.9665,0.904,0.775,0.771,0.9165,0.6,0.755,0.79,0.83
237,TRUE,1,1,1,0,1,1,1,0,0,1,0,0,1,0,1,0,0.8,1,1,0.9,0.85,0.95,1,0.9,1,0.875,0.7,0.75,0.805,0.9665,0,0.95,0.7875,0.725,0,0.76,0.79,0.79
238,TRUE,1,1,1,1,1,1,1,1,1,1,1,1,1,1,0,1,1,0.8,1,1,1,1,1,1,1,1,0.5335,0.75,1,0.95,0,0.825,0.646,0.825,0.85,0.77,0.77,0.7
239,FALSE,1,0,1,0,1,1,1,0,0,1,1,1,0,1,0,1,1,1,1,1,0.9,1,1,1,1,0.95,0.8,0.75,0.98,0.9165,0.8165,0.95,0.975,0.8,0.95,0.795,0.74,0.79
240,TRUE,1,0,1,1,1,0,1,1,1,1,1,1,0,1,1,0,1,1,1,1,1,1,1,1,1,0.925,0.925,0.75,0.95,0.9165,0.8875,0.825,0.7625,0.925,1,0.8,0.74,0.85
241,TRUE,0,0,1,0,0,0,1,1,0,1,0,1,1,0,0,1,1,0.6,0.6,1,1,1,0.77,0.95,0.9,0.825,0.85,0.7415,1,1,0.9665,0.9,0.6875,0.6415,0.9,0.665,0.86,0.43
242,TRUE,1,1,1,1,1,1,0,1,1,1,1,1,1,1,1,1,1,1,1,1,1,1,1,1,1,0.92,0.7,0.7375,0.95,0.9165,0.9375,0.875,0.7,0.7415,0.8,0.795,0.75,0.66
243,TRUE,1,1,1,1,1,1,1,1,1,1,1,1,1,1,1,1,1,1,1,1,1,1,1,1,1,0.95,0.9,0.7375,0.875,0.9,0.9665,0.7,0.9585,0.8665,0.9,0.825,0.7,0.77
244,TRUE,1,1,0,1,1,0,1,0,0,1,0,1,1,1,1,1,1,1,1,1,1,1,1,1,1,0.9,0.85,0.7375,0.8,0.8665,0.8705,0.85,0.7625,0.8415,0.85,0.845,0.67,0.75
245,TRUE,0,1,0,0,0,0,0,1,0,1,1,1,1,1,1,0,1,1,1,1,0.94,1,0,0.8,0.96,0.6625,0,0.725,0.905,1,0.8,0.8,0.5,0.6625,0.9,0.51,0.95,0.49
246,TRUE,0,0,0,0,1,0,0,0,0,0,0,1,0,0,0,0,1,1,1,1,1,0,0,1,0,1,0.95,0.725,1,1,0,0.8,0.9625,0.9,0.6,0.565,0.9,0.52
247,FALSE,1,1,1,1,1,1,1,1,1,1,1,1,1,0,1,1,1,1,0.9,1,1,1,0.9,0,1,0,0.65,0.725,1,0.9665,0,0.85,0.7,0.871,0.8,0.69,0.83,0.68
248,TRUE,1,1,1,1,1,1,1,1,1,1,1,1,0,0,1,1,1,1,1,0.9,0.67,0.8,1,0.5,0.89,0.975,0.7835,0.725,0.93,0.95,0.4335,0,0.725,0.725,1,0.78,0.76,0.7
249,FALSE,1,1,0,1,1,0,1,1,1,1,1,1,1,1,1,1,1,0.9,1,1,1,1,1,1,1,1,0.8,0.725,0.95,0.9165,0.95,0.95,1,0.925,0.85,0.805,0.74,0.85
250,FALSE,1,0,1,1,0,1,1,1,1,1,1,1,1,1,1,1,0.9,1,0.98,1,1,1,0.85,0.96,1,0.9,0.7,0.7125,0.98,1,0.8705,0.95,0.621,0.8165,0.95,0.68,0.84,0.58
251,FALSE,1,0,1,1,1,0,0,1,1,1,1,1,0,1,0,0,1,1,0.5,1,1,1,0,1,1,0.85,0.5,0.704,0.95,1,0.5865,0.8,0.6665,0.7285,0.85,0.52,0.93,0.49
252,TRUE,1,1,1,0,1,1,1,1,1,1,1,1,1,1,1,1,1,0.85,0.9,0.83,0.85,0.9,1,0.9,1,0.9,0.5335,0.7,0.6,0.9665,0.8165,0.95,0.7125,0.8865,0.8,0.74,0.8,0.8
253,TRUE,1,1,1,1,0,1,1,1,0,1,1,0,0,1,0,1,1,1,1,1,1,0.5,1,1,1,0.95,0.8,0.7,0.73,0.9165,0.854,0.925,0.6625,0.8915,0.8,0.795,0.75,0.66
254,FALSE,1,1,1,1,1,1,1,1,1,1,1,1,1,1,0,1,1,1,1,1,1,1,1,1,1,0.95,0.8335,0.7,0.95,0.9,0.9375,0.95,0.7875,0.9415,1,0.825,0.71,0.8
255,TRUE,1,0,1,1,1,1,1,1,0,1,1,1,0,1,1,1,1,1,1,1,1,1,0.76,1,1,0.85,0.7085,0.675,0.73,1,0.7665,0.8,0.775,0.729,0.9,0.66,0.86,0.76
256,TRUE,1,1,0,1,0,0,1,1,1,0,1,1,0,1,0,1,1,1,1,1,1,1,1,1,1,1,0.95,0.675,0.93,0.95,0.475,1,0.721,0.9665,0.95,0.76,0.78,0.75
257,FALSE,0,1,1,0,1,1,1,1,1,0,0,0,0,0,1,0,1,0.9,1,1,0.6,1,1,0,1,0.925,0.7335,0.675,0.855,0.9465,0.7375,0,0,0,0.9,0.785,0.76,0.75
258,TRUE,1,1,1,1,0,1,1,1,1,1,0,1,0,1,1,1,1,1,1,1,1,1,1,1,1,0.975,0.6335,0.675,0.85,0.9165,0.85,0.775,0.8375,0.8085,0.85,0.8,0.74,0.85
259,FALSE,1,1,1,0,0,1,1,1,1,1,1,0,1,0,1,0,1,1,1,1,1,1,1,1,1,0.9,0.95,0.675,1,0.7165,0.9665,0.95,0.775,0.8665,0.8,0.905,0.54,0.82
260,TRUE,0,1,1,1,1,1,1,1,1,1,1,1,1,1,1,1,1,1,1,1,1,1,0,1,1,0.675,0.55,0.6585,0.58,1,0.7665,0.75,0.529,0.65,0.85,0.515,0.94,0.41
261,FALSE,1,1,1,1,0,0,0,0,0,0,0,1,1,1,1,0,1,0.9,0.9,1,1,0.95,0.9,1,1,0.9,0.6665,0.65,1,0.975,0.8665,0.925,0.6415,0.8165,0.8,0.685,0.84,0.75
262,FALSE,1,1,1,1,1,1,1,1,1,1,0,1,1,1,1,1,0.9,1,0.8,0.95,0.9,0.85,0.9,0.8,0.8,0.8,0.7335,0.65,0.85,0.9665,0.571,0.775,0.596,0.8335,0.95,0.69,0.83,0.75
263,FALSE,0,0,1,1,1,0,0,0,1,0,0,0,0,0,0,0,1,1,1,1,1,1,1,1,1,0.95,0.65,0.65,0.75,0.8665,0,0.6,0.675,0.8085,0.85,0.84,0.67,0.72
264,TRUE,1,0,1,0,1,1,0,1,1,1,1,1,0,1,1,1,1,1,0.9,0.9,1,0.95,1,0.8,1,0.9875,0.85,0.65,0.835,0.85,0.854,0.775,0.8875,0.8625,0.95,0.855,0.65,0.88
265,FALSE,0,1,0,1,0,0,0,0,0,0,0,0,0,0,0,0,1,0.7,0,0.8,1,1,0,1,0,0.625,0.6,0.6335,0.75,1,0.6475,0.55,0.5165,0.725,0,0.52,0.93,0.52
266,FALSE,1,1,0,1,1,0,1,1,1,0,0,1,1,1,1,0,0.7,0.9,0.8,0.9,1,1,0,1,1,0.9125,0.5,0.625,0.73,1,0.6875,0.675,0.4835,0.8165,0.95,0.555,0.91,0.37
267,TRUE,0,1,1,1,0,0,0,0,0,0,0,0,1,1,1,0,0.8,1,0.8,0.8,0.9,1,0.5,0,0,0.6,0.6165,0.625,0.9,1,0.9415,0.85,0.479,0.654,0.7,0.63,0.87,0.68
268,TRUE,1,1,1,1,1,1,0,1,0,0,0,1,1,1,0,0,0.64,0.94,0,0,0,0,0.98,0.6,0,0.875,0,0.6085,0.5,0.9665,0.5,0.625,0.7625,0.8915,0.5,0.725,0.82,0.68
269,FALSE,1,1,1,1,1,0,1,1,1,1,1,1,1,1,1,1,1,0.5,1,0,1,1,0.8,1,1,0.575,0.5165,0.6,0.83,1,0.8375,0.7,0.479,0.5915,0.65,0.665,0.85,0.61
270,TRUE,1,1,1,1,1,0,1,1,0,0,1,1,1,1,1,1,1,1,1,1,1,1,1,1,1,0.875,0.9,0.6,0.85,0.875,0.904,1,0.8625,0.9415,0.7,0.84,0.67,0.85
271,TRUE,1,0,1,0,0,1,1,0,0,1,1,1,1,1,1,1,1,0.9,1,1,1,1,0,1,1,0.625,0.6165,0.5835,0.36,1,0.8205,0.85,0.4125,0.579,0.65,0.56,0.91,0.6
272,TRUE,1,0,1,1,1,1,0,0,1,1,1,1,1,0,0,1,0.5,0.5,0.5,0.5,1,1,0,0.5,1,0.825,0.5,0.5835,0.5,1,0.654,0.5,0.529,0.6835,0.65,0.57,0.9,0.54
273,TRUE,1,1,1,0,1,1,0,1,0,1,0,0,1,1,1,0,0.85,0,0.6,0,0.75,0.8,0,0,0,0.7,0.3835,0.55,0.755,1,0.5335,0.55,0,0.683,0.75,0.54,0.93,0.58
274,TRUE,1,1,1,0,1,0,0,1,0,0,1,1,1,0,0,1,1,1,1,0,1,0,0,1,1,0.825,0.767,0.55,0.73,1,0.9165,0.875,0.6375,0.746,0.75,0.555,0.91,0.57
275,TRUE,1,1,1,1,1,1,1,1,1,1,1,1,1,1,1,1,1,1,1,1,1,1,0.8,1,1,0.65,0.7,0.5165,0.9,1,0.933,0.95,0.65,0.7665,0.65,0.67,0.85,0.69
276,TRUE,0,1,1,1,1,1,1,1,1,0,1,1,1,0,1,0,0,0,0,0,0,0,0,0,0,0.85,0.45,0.5,0.46,1,0,0,0.3665,0.5915,0,0.495,0.96,0.46
277,TRUE,1,1,0,1,1,1,1,0,0,0,0,0,1,1,1,1,0,0,0.6,0,0,0,0,0,1,0.775,0.9,0.5,0.755,1,0.7585,0.9,0.4125,0.5665,0.9,0.58,0.89,0.52
278,TRUE,0,0,1,1,1,1,0,0,1,0,1,1,1,1,0,1,0.85,0.95,0,1,1,0.95,0.98,0.75,0.9,0.825,0.475,0.5,0.93,0.9665,0.854,0.975,0.7625,0.7665,0.9,0.72,0.82,0.78
279,TRUE,1,1,0,1,1,0,1,1,1,1,1,0,1,1,1,1,1,1,1,1,1,1,0,1,1,0.325,0.4,0.45,0.54,1,0.654,0.65,0.371,0.425,0.9,0.56,0.91,0.42
280,TRUE,0,0,1,1,0,0,1,0,1,0,0,0,1,1,1,0,1,1,1,1,1,1,0,0,1,0.45,0,0.45,0.855,1,0,0.6,0.446,0.625,0.9,0.58,0.89,0.54
281,TRUE,0,1,1,1,1,0,0,0,1,1,1,1,1,1,1,1,1,1,1,1,1,1,0,1,1,0.6,0.5835,0.4125,0.59,1,0.6915,0.625,0.4625,0.7085,0.85,0.615,0.87,0.53
282,FALSE,0,1,1,0,0,0,1,1,1,0,0,0,0,1,0,0,1,1,1,1,1,0.98,0.72,1,1,0.8,0.7585,0.4,0.905,1,0.804,0.55,0.671,0.875,0.7,0.655,0.86,0.76
283,TRUE,0,1,0,1,1,1,0,1,1,1,0,1,1,1,0,1,0.85,1,0.95,0.9,1,0.9,0.86,1,0.9,0.475,0.55,0.3835,0.56,0.975,0.3375,0.4,0.5125,0.7335,0.9,0.68,0.84,0.33
284,FALSE,1,1,1,1,1,1,1,0,0,1,1,1,0,0,1,0,0.95,1,0.8,0,0,0,1,1,1,0.9,0.6835,0.35,0.55,0.95,0,0.75,0.646,0.7165,0.65,0.78,0.76,0.56
285,TRUE,1,1,1,1,1,1,1,1,1,1,1,1,1,0,0,0,0,1,1,0,1,1,0,0,0,0.55,0,0,0.775,1,0,0.45,0.475,0.4835,0,0.47,0.96,0.45
286,TRUE,1,1,1,0,0,0,1,1,0,1,1,1,0,0,0,1,1,1,1,1,0.9,1,0,1,1,0.9,0.5835,0,0.88,1,0.771,0.55,0.6625,0.8165,0.75,0.59,0.89,0.73
287,FALSE,1,1,1,1,0,1,1,0,0,1,1,1,0,0,1,1,1,1,1,1,0,1,0.88,1,1,0.95,0.7335,0,0.31,0.975,0.771,0.825,0.825,0.792,0.95,0.68,0.84,0.62
288,FALSE,0,0,0,0,0,1,0,0,0,0,0,0,0,0,0,0,0.95,0,0,0,0,0,0.98,0,0,0.95,0,0,0,0.9665,0,0.55,0,0.4125,0,0.72,0.82,0.58
289,FALSE,0,0,1,0,0,1,0,0,1,1,1,1,0,0,0,0,1,1,1,0,0,1,1,0.98,1,0.95,0.75,0,0,0.9665,0.9665,0.975,0.975,1,0.85,0.755,0.79,0.71
290,FALSE,1,1,1,0,0,1,1,1,0,1,1,0,1,1,0,1,1,0,1,0,0,0,1,0,0,0.9,0.95,0,0,0.933,0.7915,0,0.6625,0.675,0.65,0.785,0.75,0.78
291,FALSE,0,1,1,1,1,1,1,1,1,1,1,0,1,1,0,1,1,1,1,1,1,1,1,1,1,0.9,0.7585,0,0.925,0.9165,0.928,0.7,0.825,0.8585,0.9,0.805,0.74,0.76
292,TRUE,1,1,1,0,0,0,0,0,1,1,1,1,0,0,1,0,1,1,1,0,1,1,1,1,0.7,0.95,0.8335,0,0.95,0.9,0.954,0.825,0.775,0.8,0.75,0.82,0.71,0.76
293,TRUE,1,1,0,1,0,0,1,0,1,1,0,1,1,1,0,1,0.85,0,1,0,1,1,1,1,0,0.9,0.7665,0,0.98,0.4165,0.9875,0.975,0.8125,0.9165,0.57,0.935,0.49,0.78